<?xml version="1.0" encoding="UTF-8"?>
<launch4jConfig>
  <dontWrapJar>false</dontWrapJar>
  <headerType>gui</headerType>
  <jar>C:\Users\Haotian Bai\Desktop\17121444_t2\PLO-1.0-SNAPSHOT.jar</jar>
  <outfile>C:\Users\Haotian Bai\Desktop\17121444_t2\17121444_t2.exe</outfile>
  <errTitle></errTitle>
  <cmdLine></cmdLine>
  <chdir>.</chdir>
  <priority>normal</priority>
  <downloadUrl>http://java.com/download</downloadUrl>
  <supportUrl></supportUrl>
  <stayAlive>false</stayAlive>
  <restartOnCrash>false</restartOnCrash>
  <manifest></manifest>
  <icon></icon>
  <classPath>
    <mainClass>UI.TestPanel</mainClass>
    <cp>lib/Algorithms-1.0.jar</cp>
    <cp>lib/miglayout-swing-5.2.jar</cp>
    <cp>lib/miglayout-core-5.2.jar</cp>
    <cp>lib/javatuples-1.2.jar</cp>
  </classPath>
  <jre>
    <path>./jre</path>
    <bundledJre64Bit>false</bundledJre64Bit>
    <bundledJreAsFallback>false</bundledJreAsFallback>
    <minVersion>1.8.0</minVersion>
    <maxVersion></maxVersion>
    <jdkPreference>jdkOnly</jdkPreference>
    <runtimeBits>64/32</runtimeBits>
  </jre>
</launch4jConfig>